ID;Gefährdung / Risiko;Klasse;Risikomechanik;CIA;Beschreibung;Bedingung/Exposition;Trigger-Beispiele;Konsequenz;Bewertungsfaktoren;BSI-Anknüpfung;SOV-Bezug;Source IDs;Status;Provenienztyp;Fundstelle / Herleitung;Herleitungsnotiz
A 0.40;G 0.12 Elektromagnetische Störstrahlung;BSI-Crosswalk;Event/Störung;I,A;Elektromagnetische Einwirkung kann technische Komponenten oder Übertragungen stören.;EMV-Exposition;Störquelle/Fehlabschirmung;Fehlfunktion, Integritäts- oder Verfügbarkeitsverlust;"Exposition; Schutzmaßnahmen; Redundanz";G 0.12;SOV-4 mittelbar;"SRC-01; SRC-02";BSI-Abgleich;Direkte Quellenübernahme (Titel/Code) + fachliche Zusammenfassung;SRC-01: BSI 200-3 Kap. 3, Tabelle 1, S. 13–15. SRC-02 ist für spätere ausführliche Gefährdungsbeschreibung vorgesehen.;BSI-Code und -Bezeichnung sind Quelleninhalt. Beschreibung, Risikomechanik, Bewertungsfaktoren und SOV-Mapping sind Radar-Operationalisierung und keine BSI-Formulierungen.
A 0.41;G 0.13 Abfangen kompromittierender Strahlung;BSI-Crosswalk;Informationsabfluss;C;Informationen können über kompromittierende Abstrahlung erfasst werden.;Physische/elektromagnetische Exposition;geeigneter Empfänger in Reichweite;Vertraulichkeitsverlust;"Schutzbedarf; räumliche Exposition; Abschirmung";G 0.13;SOV-3 mittelbar;"SRC-01; SRC-02";BSI-Abgleich;Direkte Quellenübernahme (Titel/Code) + fachliche Zusammenfassung;SRC-01: BSI 200-3 Kap. 3, Tabelle 1, S. 13–15. SRC-02 ist für spätere ausführliche Gefährdungsbeschreibung vorgesehen.;BSI-Code und -Bezeichnung sind Quelleninhalt. Beschreibung, Risikomechanik, Bewertungsfaktoren und SOV-Mapping sind Radar-Operationalisierung und keine BSI-Formulierungen.
A 0.42;G 0.34 Anschlag;BSI-Crosswalk;Adversarial/physisch;C,I,A;Gezielter physischer Angriff auf Einrichtungen, Systeme oder Personal.;Exponierter Standort / attraktives Ziel;gezielter Angriff;Ausfall, Zerstörung, Informationsverlust;"Bedrohungslage; Standortresilienz; Redundanz";G 0.34;SOV-4;"SRC-01; SRC-02; SRC-06";BSI-Abgleich;Direkte Quellenübernahme (Titel/Code) + fachliche Zusammenfassung;SRC-01: BSI 200-3 Kap. 3, Tabelle 1, S. 13–15. SRC-02 ist für spätere ausführliche Gefährdungsbeschreibung vorgesehen.;BSI-Code und -Bezeichnung sind Quelleninhalt. Beschreibung, Risikomechanik, Bewertungsfaktoren und SOV-Mapping sind Radar-Operationalisierung und keine BSI-Formulierungen.
A 0.43;G 0.43 Einspielen von Nachrichten;BSI-Crosswalk;Adversarial/Kommunikation;C,I;Gefälschte, manipulierte oder wiederholte Nachrichten beeinflussen Prozesse oder Zustände.;Nachrichten-/API-Kommunikation;Injection/Replay/MITM;Fehlsteuerung, Manipulation, Informationsabfluss;"Authentizität; Integrität; Replay-Schutz";G 0.43;SOV-7 mittelbar;"SRC-01; SRC-02; SRC-05";BSI-Abgleich;Direkte Quellenübernahme (Titel/Code) + fachliche Zusammenfassung;SRC-01: BSI 200-3 Kap. 3, Tabelle 1, S. 13–15. SRC-02 ist für spätere ausführliche Gefährdungsbeschreibung vorgesehen.;BSI-Code und -Bezeichnung sind Quelleninhalt. Beschreibung, Risikomechanik, Bewertungsfaktoren und SOV-Mapping sind Radar-Operationalisierung und keine BSI-Formulierungen.
A 0.44;G 0.44 Unbefugtes Eindringen in Räumlichkeiten;BSI-Crosswalk;Adversarial/physisch;C,I,A;Unbefugter physischer Zutritt zu Räumen oder Standorten.;physische Zielobjekte;Umgehung Zutrittskontrolle;Manipulation, Diebstahl, Ausfall;"Zutrittszonen; Protokollierung; Provider-Nachweise";G 0.44;SOV-4;"SRC-01; SRC-02; SRC-05; SRC-06";BSI-Abgleich;Direkte Quellenübernahme (Titel/Code) + fachliche Zusammenfassung;SRC-01: BSI 200-3 Kap. 3, Tabelle 1, S. 13–15. SRC-02 ist für spätere ausführliche Gefährdungsbeschreibung vorgesehen.;BSI-Code und -Bezeichnung sind Quelleninhalt. Beschreibung, Risikomechanik, Bewertungsfaktoren und SOV-Mapping sind Radar-Operationalisierung und keine BSI-Formulierungen.
A 0.45;G 0.46 Integritätsverlust schützenswerter Informationen;BSI-Crosswalk;Event/Integrität;I;Schützenswerte Informationen verlieren ihre Korrektheit oder Vollständigkeit, auch ohne vorsätzliche Manipulation.;schutzwürdige Informationen;Fehler/Defekt/Manipulation;falsche Entscheidungen, Prozessfehler, Vertrauensverlust;"Integritätsnachweise; Versionierung; Restore";G 0.46;SOV-3/SOV-7;"SRC-01; SRC-02; SRC-05";BSI-Abgleich;Direkte Quellenübernahme (Titel/Code) + fachliche Zusammenfassung;SRC-01: BSI 200-3 Kap. 3, Tabelle 1, S. 13–15. SRC-02 ist für spätere ausführliche Gefährdungsbeschreibung vorgesehen.;BSI-Code und -Bezeichnung sind Quelleninhalt. Beschreibung, Risikomechanik, Bewertungsfaktoren und SOV-Mapping sind Radar-Operationalisierung und keine BSI-Formulierungen.
G z.S1;Rechtmäßiger Zugriff durch Drittstaatsbehörden;Souveränitätsrisiko;Legal/Jurisdiction;C;Rechtmäßige Zugriffs- oder Herausgabeanordnungen außerhalb des Zielrechtsraums können die Kontrolle über Daten beeinträchtigen.;Rechtseinheit/Jurisdiktion technisch oder rechtlich zugriffsnah;Behördenanordnung / Rechtsdurchsetzung;"Vertraulichkeits- und Kontrollverlust; regulatorische Folgen";"Extraterritoriale Exposition; technische Zugriffsfähigkeit; Verschlüsselung; Key Control";"G 0.19; G 0.29";"SOV-2; SOV-3";"SRC-03; SRC-04; SRC-11";fachlich reviewed v0.5;Interne Risikokategorie – fachliche Synthese aus Quellen;"EU CSF v1.2.1 §4 SOV-2; C3A SOV-2-01 Extraterritorial Exposure; EDPB Recommendations 01/2020 Final v2.0";Interne Risikokategorie. Primäranker ist jurisdiktionelle/extraterritoriale Exposition; EDPB dient nur für den datenschutzrechtlichen Drittland-Teil.
G z.S2;Kontrollwechsel beim Anbieter;Souveränitätsrisiko;Structural/Corporate;C,I,A;Eigentums- oder Kontrolländerungen können Jurisdiktion, Governance und Leistungspflichten verändern.;starke Anbieterabhängigkeit;Übernahme, Fusion, Restrukturierung;"neue Rechts-/Betriebsabhängigkeit; veränderte Verträge";"Effective Control; Change Notice; Sonderkündigung; Exit-Fähigkeit";"G 0.11; G 0.18";SOV-1;"SRC-03; SRC-04";fachlich reviewed v0.5;Interne Risikokategorie – fachliche Synthese aus Quellen;"EU CSF v1.2.1 §4 SOV-1; C3A SOV-1-03 CSP Effective Control und SOV-1-04 CSP Control Change";Interne Risikokategorie. Change-of-Control ist extern als Prüfgegenstand belegt; Trigger-/Impact-Logik ist Radar-Operationalisierung.
G z.S3;Einseitiger Leistungsentzug oder externe Nutzungsbeschränkung;Souveränitätsrisiko;Operational/Contractual;A;Sperrung, Kündigung oder Nutzungsbeschränkung kann kritische Funktionen kurzfristig entziehen.;Abhängigkeit ohne rechtzeitige Alternative;Kündigung, Kontosperrung, Sanktion, Policy-Änderung;"Serviceausfall; Daten-/Funktionszugriff eingeschränkt";"Vertragsrechte; Autonomiedauer; Exit/Recovery; Offline-Fähigkeit";G 0.11;"SOV-1; SOV-4";"SRC-03; SRC-04; SRC-08; SRC-12";fachlich reviewed v0.5;Interne Risikokategorie – fachliche Synthese aus Quellen;"EU CSF v1.2.1 §4 SOV-1; C3A SOV-4-09 Disconnect/SOV-4-10 Reconnect; DORA Art. 28(8); Data Act Kap. VI";Interne Synthese aus autonomer Betriebsfähigkeit und Exit-/Switching-Anforderungen.
G z.S4;Technologischer Lock-in und fehlende Exit-Fähigkeit;Souveränitätsrisiko;Structural/Exit;A,I;Proprietäre technische oder vertragliche Abhängigkeiten verhindern einen rechtzeitigen oder vollständigen Wechsel.;hohe proprietäre Bindung / fehlende Zielplattform;Exit wird notwendig;langwierige Migration, Kosten, Betriebsunterbrechung, Daten-/Funktionsverlust;"Portabilität; Substituierbarkeit; Exit-Zeit; Datenvolumen; Kosten; getestete Zielplattform";"G 0.18; G 0.11";"SOV-4; SOV-6";"SRC-03; SRC-04; SRC-06; SRC-08; SRC-12; SRC-17";fachlich reviewed v0.5;Interne Risikokategorie – fachliche Synthese aus Quellen;"EU CSF v1.2.1 SOV-4/SOV-6; NIS2-DVO Annex 5.1.2(d); DORA Art. 28(8), Art. 29(1)(a); Data Act Kap. VI Art. 23–31";Lock-in ist eine strukturelle Exposition. Eintrittshäufigkeit allein ist hierfür kein ausreichendes Bewertungsmaß.
G z.S5;Betriebs- und Personalabhängigkeit außerhalb des Zielkontrollraums;Souveränitätsrisiko;Operational/Structural;C,I,A;Kritischer Betrieb, Support oder privilegierter Zugriff hängt von Personal oder Einheiten außerhalb des gewünschten Kontrollraums ab.;Betriebswissen und Rechte extern konzentriert;Personal-/Supportausfall, geopolitische Einschränkung, Zugriffssperre;"Verlust autonomer Betriebsfähigkeit; erhöhte Zugriffsexposition";"Operating Personnel; SOC; Remote Work; lokale Skills; Runbooks; Autonomiedauer";"G 0.30; G 0.32; G 0.33";SOV-4;"SRC-03; SRC-04; SRC-17";fachlich reviewed v0.5;Interne Risikokategorie – fachliche Synthese aus Quellen;"EU CSF v1.2.1 §4 SOV-4; C3A SOV-4-01, SOV-4-02, SOV-4-04; Bitkom Risikofeld Skills";Interne Risikokategorie; Quellen begründen Personal-/Skill-/Betriebsautonomie als Souveränitätsfaktor.
G z.S6;Lieferketten- und Vorprodukt-Abhängigkeit;Souveränitätsrisiko;Supply Chain;I,A;Schwer substituierbare Hardware, Software oder externe Dienste begrenzen Fortführung und Kontrolle.;Single-source oder intransparente Lieferkette;Lieferausfall, Exportbeschränkung, Schwachstelle, Produktabkündigung;Ausfall, verzögerte Wiederherstellung, Integritätsrisiko;"SBOM; Hardware-/Service-Abhängigkeiten; Herkunft; Substitutionsstrategie; Kapazität";"G 0.20; G 0.21; G 0.28";SOV-5;"SRC-03; SRC-04; SRC-06; SRC-16";fachlich reviewed v0.5;Interne Risikokategorie – fachliche Synthese aus Quellen;"EU CSF v1.2.1 §4 SOV-5; C3A SOV-5-01…05; NIS2-DVO Annex 5.1; NIST SP 800-161r1";Interne Bündelung mehrerer Lieferkettenabhängigkeiten zu einem Radar-Risikotyp.
G z.S7;Konzentrationsrisiko und gemeinsame Ausfallursachen;Souveränitätsrisiko;Concentration;A,C,I;Mehrere kritische Funktionen teilen Provider, Konzern, Standort, Control Plane oder Unterauftragnehmer.;portfolioübergreifende Bündelung;Provider-/Region-/Subprovider-Ausfall oder Restriktion;mehrere Funktionen gleichzeitig beeinträchtigt;"Common-Cause-Gruppen; Anteil kritischer Funktionen; Substituierbarkeit; Recovery/Exit";"G 0.11; G 0.47";"SOV-1; SOV-4; SOV-5";"SRC-06; SRC-08; SRC-09";fachlich reviewed v0.5;Interne Risikokategorie – fachliche Synthese aus Quellen;"DORA Art. 29(1)(a)-(b), Art. 29(2); NIS2-DVO Annex 2.1.2(d) und 5.1.2(d)";Interne Portfolio-/Common-Cause-Operationalisierung; DORA ist der stärkste Primäranker für Konzentrationsrisiko.
G z.S8;Verlust der Schlüsselhoheit;Souveränitätsrisiko;Data Control;C,I,A;Provider oder fremde Kontrollinstanzen können Schlüssel nutzen, sperren, exportieren oder ersetzen.;KMS/HSM nicht vollständig kundenseitig kontrolliert;Providerzugriff, Sperrung, Key-Policy-Änderung;Datenzugriff durch Dritte oder eigener Datenzugriff blockiert;"Key Ownership; Generation; Custody; Export; Revocation; Client-side Encryption";"G 0.19; G 0.22; G 0.32";SOV-3;"SRC-03; SRC-04; SRC-05";fachlich reviewed v0.5;Interne Risikokategorie – fachliche Synthese aus Quellen;"EU CSF v1.2.1 §4 SOV-3; C3A SOV-3-02 und SOV-3-05; C5:2026 als Security-Overlay";Interne Risikokategorie; Schlüsselhoheit wird als Datenkontroll-/Autonomiefaktor operationalisiert.
G z.S9;Modell- und KI-Abhängigkeit;Souveränitätsrisiko;KI/Structural;C,I,A;Abhängigkeit von Modellanbieter, API, Modellversion oder proprietärer Toolchain kann Datenkontrolle, Reproduzierbarkeit und Wechselbarkeit beeinträchtigen.;externes Modell / proprietäre KI-Plattform;Modellwechsel, API-Änderung, Anbieterentzug, Terms-Änderung;Funktionsverlust, Drift, Lock-in, Daten-/Compliance-Risiko;"Datenverwendung; Versionierung; Portabilität; alternative Modelle; Tool-/Prompt-Portabilität";"A 0.34–0.36; G 0.11; G 0.18";"SOV-3; SOV-6";"SRC-03; SRC-18; SRC-19; SRC-13";fachlich reviewed v0.5;Interne Risikokategorie – fachliche Synthese aus Quellen;"EU CSF v1.2.1 §4 SOV-3/SOV-6; BSI AIC4; BSI Kriterienkatalog KI-Modelle; AI Act Art. 9/10 als Overlay";AI Act ist nicht die Quelle des Lock-in-Risikotyps. Primäranker für Souveränität ist EU CSF; BSI-KI-Quellen konkretisieren Security/Assurance.
G z.S10;Abhängigkeit von Identitäts- und Vertrauensankern;Souveränitätsrisiko;Structural/Trust;C,I,A;IAM, PKI, DNS, Signatur- oder KMS-Vertrauensanker bilden gemeinsame Kontroll- oder Ausfallpunkte.;zentrale externe Trust Anchors;Sperrung, Ausfall, Kompromittierung oder Policy-Änderung;Login-/Betriebsausfall, falsches Vertrauen, Kontrollverlust;"External IdP; PKI/KMS/DNS; Alternativen; Offline-/Break-Glass-Fähigkeit";"G 0.11; G 0.23; G 0.32";"SOV-3; SOV-4; SOV-6";"SRC-03; SRC-04; SRC-05; SRC-06";fachlich reviewed v0.5;Interne Risikokategorie – fachliche Synthese aus Quellen;"C3A SOV-3-03 External Identity Provider; SOV-3-02 External Key Management; EU CSF SOV-3/SOV-4; NIS2-DVO Access-/Continuity-Overlay";Interne Risikokategorie. Der gemeinsame Trust-Anchor-/Control-Point-Gedanke ist Radar-Synthese.
G z.S11;Verlust unabhängiger Nachweis- und Beobachtungsfähigkeit;Souveränitätsrisiko;Evidence/Operational;C,I,A;Kritische Zustände können nicht unabhängig beobachtet oder belegt werden, weil Logs, Telemetrie oder Nachweise ausschließlich vom Provider kontrolliert werden.;keine unabhängige Telemetrie/Auditmöglichkeit;Incident, Audit, Streitfall oder Provider-Änderung;Kontrollverlust, verzögerte Erkennung, nicht belastbare Risikobewertung;"Log Export; Audit Rights; unabhängige Evidenz; Scope; Freshness";"G 0.18; G 0.20; G 0.37";"SOV-3; SOV-7";"SRC-03; SRC-04; SRC-05; SRC-07";fachlich reviewed v0.5;Interne Risikokategorie – fachliche Synthese aus Quellen;"EU CSF v1.2.1 §4 SOV-3/SOV-7; C3A SOV-2-02 und SOV-3-04; C5/ENISA Evidence-Overlay";Fehlende Evidenz allein ist Confidence Gap. Erst technisch/vertraglich fehlende unabhängige Beobachtungs-/Nachweisfähigkeit ist der Risikomechanismus.
G z.S12;Nicht erkannte Souveränitätsänderung (Drift);Souveränitätsrisiko;Change/Governance;C,I,A;Änderungen an Ownership, Subprozessoren, Regionen, Verträgen oder technischen Abhängigkeiten entwerten ein früheres Assessment.;zeitabhängige Provider-/Service-Fakten;ungeplante oder unerkannte Änderung;"veraltete Risikoentscheidung; neue Exposition unbemerkt";"Change Monitoring; Reassessment Trigger; Evidence Freshness; Versionierung";"G 0.18; G 0.11";SOV-1 bis SOV-6;"SRC-01; SRC-04; SRC-06; SRC-08";fachlich reviewed v0.5;Interne Risikokategorie – fachliche Synthese aus Quellen;"BSI 200-3 Kap. 6.2; C3A SOV-1-04; NIS2-DVO Annex 2.1.4/5.1.6-5.1.7; DORA Art. 28";Souveränitäts-Drift ist ein interner Sammelbegriff. Quellen stützen Monitoring/Reassessment bei Änderungen; die konkrete Drift-Taxonomie ist Radar-Design.
